{
    "nombre_utilisateurs_par_groupe": {
        "Groupe1": 6,
        "Groupe2": 7,
        "Groupe3": 7
    },
    "nombre_total_utilisateurs": 20,
    "scores_pondérés_normalisés": {
        "Groupe1": 14.279644650444187,
        "Groupe2": 34.171494785631516,
        "Groupe3": 51.54886056392429
    }
}