{
    "scores_totaux_par_groupe": {
        "Groupe1": 14.270920975988608,
        "Groupe2": 20.854868385772534,
        "Groupe3": 64.87421063823886
    }
}