{
    "taux_participation": {
        "Groupe 1": 33.864509605662285,
        "Groupe 2": 33.395348837209305,
        "Groupe 3": 32.74014155712841
    }
}